,date,cases,deaths,daily_cases,daily_deaths
0,2020-01-21,1,0,1.0,0.0
1,2020-01-22,1,0,0.0,0.0
2,2020-01-23,1,0,0.0,0.0
3,2020-01-24,2,0,1.0,0.0
4,2020-01-25,3,0,1.0,0.0
5,2020-01-26,5,0,2.0,0.0
6,2020-01-27,5,0,0.0,0.0
7,2020-01-28,5,0,0.0,0.0
8,2020-01-29,5,0,0.0,0.0
9,2020-01-30,6,0,1.0,0.0
10,2020-01-31,7,0,1.0,0.0
11,2020-02-01,8,0,1.0,0.0
12,2020-02-02,11,0,3.0,0.0
13,2020-02-03,11,0,0.0,0.0
14,2020-02-04,11,0,0.0,0.0
15,2020-02-05,12,0,1.0,0.0
16,2020-02-06,12,0,0.0,0.0
17,2020-02-07,12,0,0.0,0.0
18,2020-02-08,12,0,0.0,0.0
19,2020-02-09,12,0,0.0,0.0
20,2020-02-10,13,0,1.0,0.0
21,2020-02-11,13,0,0.0,0.0
22,2020-02-12,14,0,1.0,0.0
23,2020-02-13,15,0,1.0,0.0
24,2020-02-14,15,0,0.0,0.0
25,2020-02-15,15,0,0.0,0.0
26,2020-02-16,15,0,0.0,0.0
27,2020-02-17,25,0,10.0,0.0
28,2020-02-18,25,0,0.0,0.0
29,2020-02-19,25,0,0.0,0.0
30,2020-02-20,27,0,2.0,0.0
31,2020-02-21,30,0,3.0,0.0
32,2020-02-22,30,0,0.0,0.0
33,2020-02-23,30,0,0.0,0.0
34,2020-02-24,43,0,13.0,0.0
35,2020-02-25,45,0,2.0,0.0
36,2020-02-26,60,0,15.0,0.0
37,2020-02-27,60,0,0.0,0.0
38,2020-02-28,65,0,5.0,0.0
39,2020-02-29,70,1,5.0,1.0
40,2020-03-01,88,3,18.0,2.0
41,2020-03-02,104,6,16.0,3.0
42,2020-03-03,125,10,21.0,4.0
43,2020-03-04,161,12,36.0,2.0
44,2020-03-05,228,12,67.0,0.0
45,2020-03-06,311,15,83.0,3.0
46,2020-03-07,428,19,117.0,4.0
47,2020-03-08,547,22,119.0,3.0
48,2020-03-09,748,26,201.0,4.0
49,2020-03-10,1018,31,270.0,5.0
50,2020-03-11,1263,37,245.0,6.0
51,2020-03-12,1668,43,405.0,6.0
52,2020-03-13,2224,50,556.0,7.0
53,2020-03-14,2898,60,674.0,10.0
54,2020-03-15,3600,68,702.0,8.0
55,2020-03-16,4507,91,907.0,23.0
56,2020-03-17,5906,117,1399.0,26.0
57,2020-03-18,8350,162,2444.0,45.0
58,2020-03-19,12393,212,4043.0,50.0
59,2020-03-20,18012,277,5619.0,65.0
60,2020-03-21,24528,360,6516.0,83.0
61,2020-03-22,33073,458,8545.0,98.0
62,2020-03-23,43505,579,10432.0,121.0
63,2020-03-24,53938,785,10433.0,206.0
64,2020-03-25,68572,1054,14634.0,269.0
65,2020-03-26,85570,1353,16998.0,299.0
66,2020-03-27,102900,1770,17330.0,417.0
67,2020-03-28,123966,2300,21066.0,530.0
68,2020-03-29,142486,2718,18520.0,418.0
69,2020-03-30,163955,3368,21469.0,650.0
70,2020-03-31,188461,4304,24506.0,936.0
71,2020-04-01,215391,5325,26930.0,1021.0
72,2020-04-02,245108,6541,29717.0,1216.0
73,2020-04-03,277426,7932,32318.0,1391.0
74,2020-04-04,312525,9488,35099.0,1556.0
75,2020-04-05,338141,10856,25616.0,1368.0
76,2020-04-06,369057,12382,30916.0,1526.0
77,2020-04-07,399394,14616,30337.0,2234.0
78,2020-04-08,431214,16701,31820.0,2085.0
79,2020-04-09,465913,18821,34699.0,2120.0
80,2020-04-10,499386,21084,33473.0,2263.0
81,2020-04-11,531106,23168,31720.0,2084.0
82,2020-04-12,558249,24849,27143.0,1681.0
83,2020-04-13,584018,26613,25769.0,1764.0
84,2020-04-14,610709,29318,26691.0,2705.0
85,2020-04-15,640742,32070,30033.0,2752.0
86,2020-04-16,672355,34418,31613.0,2348.0
87,2020-04-17,703864,36707,31509.0,2289.0
88,2020-04-18,732262,38659,28398.0,1952.0
89,2020-04-19,757596,40179,25334.0,1520.0
90,2020-04-20,784991,42016,27395.0,1837.0
91,2020-04-21,810505,44688,25514.0,2672.0
92,2020-04-22,839336,47059,28831.0,2371.0
93,2020-04-23,873112,49228,33776.0,2169.0
94,2020-04-24,909853,51360,36741.0,2132.0
95,2020-04-25,944261,53326,34408.0,1966.0
96,2020-04-26,970996,54580,26735.0,1254.0
97,2020-04-27,994193,56022,23197.0,1442.0
98,2020-04-28,1018846,58416,24653.0,2394.0
99,2020-04-29,1045401,60930,26555.0,2514.0
100,2020-04-30,1075758,63140,30357.0,2210.0
101,2020-05-01,1109728,64902,33970.0,1762.0
102,2020-05-02,1139202,66485,29474.0,1583.0
103,2020-05-03,1165342,67816,26140.0,1331.0
104,2020-05-04,1187304,68905,21962.0,1089.0
105,2020-05-05,1211011,71139,23707.0,2234.0
106,2020-05-06,1235519,73847,24508.0,2708.0
107,2020-05-07,1263995,75805,28476.0,1958.0
108,2020-05-08,1291643,77380,27648.0,1575.0
109,2020-05-09,1316511,78834,24868.0,1454.0
110,2020-05-10,1336828,79765,20317.0,931.0
111,2020-05-11,1354449,80747,17621.0,982.0
112,2020-05-12,1376749,82400,22300.0,1653.0
113,2020-05-13,1397894,84168,21145.0,1768.0
114,2020-05-14,1424856,85906,26962.0,1738.0
115,2020-05-15,1451093,87499,26237.0,1593.0
116,2020-05-16,1474752,88724,23659.0,1225.0
117,2020-05-17,1493766,89568,19014.0,844.0
118,2020-05-18,1515593,90414,21827.0,846.0
119,2020-05-19,1536570,91934,20977.0,1520.0
120,2020-05-20,1559640,93411,23070.0,1477.0
121,2020-05-21,1585373,94722,25733.0,1311.0
122,2020-05-22,1609172,96010,23799.0,1288.0
123,2020-05-23,1631440,97060,22268.0,1050.0
124,2020-05-24,1651471,97680,20031.0,620.0
125,2020-05-25,1670571,98190,19100.0,510.0
126,2020-05-26,1689467,98937,18896.0,747.0
127,2020-05-27,1708211,100422,18744.0,1485.0
128,2020-05-28,1730723,101622,22512.0,1200.0
129,2020-05-29,1755271,102812,24548.0,1190.0
130,2020-05-30,1778668,103775,23397.0,963.0
131,2020-05-31,1799302,104379,20634.0,604.0
132,2020-06-01,1821199,105113,21897.0,734.0
133,2020-06-02,1841990,106195,20791.0,1082.0
134,2020-06-03,1861977,107184,19987.0,989.0
135,2020-06-04,1883593,108192,21616.0,1008.0
136,2020-06-05,1912302,109304,28709.0,1112.0
137,2020-06-06,1934818,110032,22516.0,728.0
138,2020-06-07,1953434,110422,18616.0,390.0
139,2020-06-08,1971641,111144,18207.0,722.0
140,2020-06-09,1990446,112174,18805.0,1030.0
141,2020-06-10,2013298,113103,22852.0,929.0
142,2020-06-11,2036500,113980,23202.0,877.0
143,2020-06-12,2061993,114759,25493.0,779.0
144,2020-06-13,2087327,115451,25334.0,692.0
145,2020-06-14,2106457,115768,19130.0,317.0
146,2020-06-15,2126574,116216,20117.0,448.0
147,2020-06-16,2151459,116985,24885.0,769.0
148,2020-06-17,2177114,117746,25655.0,761.0
149,2020-06-18,2205173,118473,28059.0,727.0
150,2020-06-19,2236009,119171,30836.0,698.0
151,2020-06-20,2268034,119717,32025.0,546.0
152,2020-06-21,2294413,119974,26379.0,257.0
153,2020-06-22,2324879,120334,30466.0,360.0
154,2020-06-23,2359939,121167,35060.0,833.0
155,2020-06-24,2396928,121934,36989.0,767.0
156,2020-06-25,2438101,124400,41173.0,2466.0
157,2020-06-26,2483629,125033,45528.0,633.0
158,2020-06-27,2525928,125544,42299.0,511.0
159,2020-06-28,2565436,125815,39508.0,271.0
160,2020-06-29,2604932,126162,39496.0,347.0
161,2020-06-30,2653321,127462,48389.0,1300.0
162,2020-07-01,2703296,128104,49975.0,642.0
163,2020-07-02,2758855,128827,55559.0,723.0
164,2020-07-03,2816009,129418,57154.0,591.0
165,2020-07-04,2866015,129679,50006.0,261.0
166,2020-07-05,2910782,129941,44767.0,262.0
167,2020-07-06,2958098,130332,47316.0,391.0
168,2020-07-07,3012182,131290,54084.0,958.0
169,2020-07-08,3071637,132238,59455.0,948.0
170,2020-07-09,3131526,133079,59889.0,841.0
171,2020-07-10,3199753,133907,68227.0,828.0
172,2020-07-11,3260474,134582,60721.0,675.0
173,2020-07-12,3318279,134977,57805.0,395.0
174,2020-07-13,3379846,135402,61567.0,425.0
175,2020-07-14,3445448,136356,65602.0,954.0
176,2020-07-15,3513790,137327,68342.0,971.0
177,2020-07-16,3589477,138285,75687.0,958.0
178,2020-07-17,3660400,139186,70923.0,901.0
179,2020-07-18,3722851,139961,62451.0,775.0
180,2020-07-19,3785126,140373,62275.0,412.0
181,2020-07-20,3845014,140904,59888.0,531.0
182,2020-07-21,3910291,142031,65277.0,1127.0
183,2020-07-22,3980030,143167,69739.0,1136.0
184,2020-07-23,4050036,144283,70006.0,1116.0
185,2020-07-24,4123561,145429,73525.0,1146.0
186,2020-07-25,4190337,146313,66776.0,884.0
187,2020-07-26,4244554,146753,54217.0,440.0
188,2020-07-27,4303735,148449,59181.0,1696.0
189,2020-07-28,4366851,149776,63116.0,1327.0
190,2020-07-29,4433633,151172,66782.0,1396.0
191,2020-07-30,4502581,152433,68948.0,1261.0
192,2020-07-31,4571669,153862,69088.0,1429.0
193,2020-08-01,4628497,154917,56828.0,1055.0
194,2020-08-02,4679291,155337,50794.0,420.0
195,2020-08-03,4726775,155945,47484.0,608.0
196,2020-08-04,4780324,157301,53549.0,1356.0
197,2020-08-05,4834047,158554,53723.0,1253.0
198,2020-08-06,4891561,159625,57514.0,1071.0
199,2020-08-07,4952718,160981,61157.0,1356.0
200,2020-08-08,5007958,161947,55240.0,966.0
201,2020-08-09,5056438,162486,48480.0,539.0
202,2020-08-10,5103611,163023,47173.0,537.0
203,2020-08-11,5156968,164474,53357.0,1451.0
204,2020-08-12,5211246,165952,54278.0,1478.0
205,2020-08-13,5265307,167165,54061.0,1213.0
206,2020-08-14,5324784,168341,59477.0,1176.0
207,2020-08-15,5375527,169400,50743.0,1059.0
208,2020-08-16,5417664,169915,42137.0,515.0
209,2020-08-17,5455187,170449,37523.0,534.0
210,2020-08-18,5498420,171798,43233.0,1349.0
211,2020-08-19,5541433,173093,43013.0,1295.0
212,2020-08-20,5587475,174136,46042.0,1043.0
213,2020-08-21,5636491,175297,49016.0,1161.0
214,2020-08-22,5681517,176247,45026.0,950.0
215,2020-08-23,5713850,176693,32333.0,446.0
216,2020-08-24,5754254,177197,40404.0,504.0
217,2020-08-25,5793385,178410,39131.0,1213.0
218,2020-08-26,5838532,179603,45147.0,1193.0
219,2020-08-27,5884368,180729,45836.0,1126.0
220,2020-08-28,5930932,181739,46564.0,1010.0
221,2020-08-29,5975541,182610,44609.0,871.0
222,2020-08-30,6008970,182984,33429.0,374.0
223,2020-08-31,6045457,183472,36487.0,488.0
224,2020-09-01,6089506,184563,44049.0,1091.0
225,2020-09-02,6121950,185639,32444.0,1076.0
226,2020-09-03,6168347,186717,46397.0,1078.0
227,2020-09-04,6220448,187697,52101.0,980.0
228,2020-09-05,6262701,188409,42253.0,712.0
229,2020-09-06,6292699,188820,29998.0,411.0
230,2020-09-07,6317865,189083,25166.0,263.0
231,2020-09-08,6346807,189541,28942.0,458.0
232,2020-09-09,6380139,190716,33332.0,1175.0
233,2020-09-10,6418200,191631,38061.0,915.0
234,2020-09-11,6465767,192858,47567.0,1227.0
235,2020-09-12,6504871,193559,39104.0,701.0
236,2020-09-13,6538214,193958,33343.0,399.0
237,2020-09-14,6575101,194408,36887.0,450.0
238,2020-09-15,6614318,195689,39217.0,1281.0
239,2020-09-16,6653586,196686,39268.0,997.0
240,2020-09-17,6698896,197535,45310.0,849.0
241,2020-09-18,6747783,198484,48887.0,949.0
242,2020-09-19,6789594,199154,41811.0,670.0
243,2020-09-20,6825950,199367,36356.0,213.0
244,2020-09-21,6880902,199797,54952.0,430.0
245,2020-09-22,6918293,200738,37391.0,941.0
246,2020-09-23,6959842,201828,41549.0,1090.0
247,2020-09-24,7005046,202713,45204.0,885.0
248,2020-09-25,7059627,203566,54581.0,853.0
249,2020-09-26,7102322,204335,42695.0,769.0
250,2020-09-27,7139620,204602,37298.0,267.0
251,2020-09-28,7176980,204952,37360.0,350.0
252,2020-09-29,7220677,205878,43697.0,926.0
253,2020-09-30,7262735,206852,42058.0,974.0
254,2020-10-01,7309153,207699,46418.0,847.0
255,2020-10-02,7362733,208564,53580.0,865.0
256,2020-10-03,7410512,209273,47779.0,709.0
257,2020-10-04,7445575,209606,35063.0,333.0
258,2020-10-05,7507988,210035,62413.0,429.0
259,2020-10-06,7550850,210756,42862.0,721.0
260,2020-10-07,7603867,211752,53017.0,996.0
261,2020-10-08,7660249,212680,56382.0,928.0
262,2020-10-09,7719211,213595,58962.0,915.0
263,2020-10-10,7770859,214187,51648.0,592.0
264,2020-10-11,7815642,214606,44783.0,419.0
265,2020-10-12,7863658,214957,48016.0,351.0
266,2020-10-13,7918051,215783,54393.0,826.0
267,2020-10-14,7977904,216792,59853.0,1009.0
268,2020-10-15,8043257,217585,65353.0,793.0
269,2020-10-16,8113721,218476,70464.0,891.0
270,2020-10-17,8166482,219154,52761.0,678.0
271,2020-10-18,8214364,219541,47882.0,387.0
272,2020-10-19,8279804,220058,65440.0,517.0
273,2020-10-20,8340398,220987,60594.0,929.0
274,2020-10-21,8404635,222195,64237.0,1208.0
275,2020-10-22,8479765,223023,75130.0,828.0
276,2020-10-23,8565062,223953,85297.0,930.0
277,2020-10-24,8643641,224825,78579.0,872.0
278,2020-10-25,8703356,225164,59715.0,339.0
279,2020-10-26,8777994,225701,74638.0,537.0
280,2020-10-27,8852381,226684,74387.0,983.0
281,2020-10-28,8934263,227702,81882.0,1018.0
282,2020-10-29,9024932,228706,90669.0,1004.0
283,2020-10-30,9124800,229674,99868.0,968.0
284,2020-10-31,9209007,230512,84207.0,838.0
285,2020-11-01,9283202,230940,74195.0,428.0
286,2020-11-02,9377208,231480,94006.0,540.0
287,2020-11-03,9469624,232610,92416.0,1130.0
288,2020-11-04,9577702,234226,108078.0,1616.0
289,2020-11-05,9699051,235334,121349.0,1108.0
290,2020-11-06,9831874,236582,132823.0,1248.0
291,2020-11-07,9957805,237589,125931.0,1007.0
292,2020-11-08,10061128,238053,103323.0,464.0
293,2020-11-09,10191572,238798,130444.0,745.0
294,2020-11-10,10331256,240262,139684.0,1464.0
295,2020-11-11,10474295,241693,143039.0,1431.0
296,2020-11-12,10637946,242865,163651.0,1172.0
297,2020-11-13,10819442,244255,181496.0,1390.0
298,2020-11-14,10978475,245465,159033.0,1210.0
299,2020-11-15,11113661,246088,135186.0,623.0
300,2020-11-16,11280224,246884,166563.0,796.0
301,2020-11-17,11441855,248491,161631.0,1607.0
302,2020-11-18,11614135,250415,172280.0,1924.0
303,2020-11-19,11801643,252376,187508.0,1961.0
304,2020-11-20,12000502,254333,198859.0,1957.0
305,2020-11-21,12172435,255758,171933.0,1425.0
306,2020-11-22,12313229,256601,140794.0,843.0
307,2020-11-23,12492852,257639,179623.0,1038.0
308,2020-11-24,12670710,259848,177858.0,2209.0
309,2020-11-25,12851300,262161,180590.0,2313.0
310,2020-11-26,12954294,263339,102994.0,1178.0
311,2020-11-27,13160133,264751,205839.0,1412.0
312,2020-11-28,13311541,265943,151408.0,1192.0
313,2020-11-29,13447663,266761,136122.0,818.0
314,2020-11-30,13615321,268031,167658.0,1270.0
315,2020-12-01,13799549,270639,184228.0,2608.0
316,2020-12-02,14000721,273525,201172.0,2886.0
317,2020-12-03,14218459,276381,217738.0,2856.0
318,2020-12-04,14449827,279018,231368.0,2637.0
319,2020-12-05,14655535,281208,205708.0,2190.0
320,2020-12-06,14827456,282319,171921.0,1111.0
321,2020-12-07,15031979,283853,204523.0,1534.0
322,2020-12-08,15251693,286674,219714.0,2821.0
323,2020-12-09,15471409,289830,219716.0,3156.0
324,2020-12-10,15697131,292771,225722.0,2941.0
325,2020-12-11,15977147,295726,280016.0,2955.0
326,2020-12-12,16184679,297981,207532.0,2255.0
327,2020-12-13,16368898,299338,184219.0,1357.0
328,2020-12-14,16569783,301016,200885.0,1678.0
329,2020-12-15,16772936,304041,203153.0,3025.0
330,2020-12-16,17017763,307652,244827.0,3611.0
331,2020-12-17,17255472,310950,237709.0,3298.0
332,2020-12-18,17506662,313820,251190.0,2870.0
333,2020-12-19,17700567,316381,193905.0,2561.0
334,2020-12-20,17880478,317810,179911.0,1429.0
335,2020-12-21,18081996,319773,201518.0,1963.0
336,2020-12-22,18283633,323012,201637.0,3239.0
337,2020-12-23,18511396,326424,227763.0,3412.0
338,2020-12-24,18704907,329248,193511.0,2824.0
339,2020-12-25,18805838,330377,100931.0,1129.0
340,2020-12-26,19022699,332023,216861.0,1646.0
341,2020-12-27,19174788,333253,152089.0,1230.0
342,2020-12-28,19363798,335152,189010.0,1899.0
343,2020-12-29,19564828,338780,201030.0,3628.0
344,2020-12-30,19793777,342588,228949.0,3808.0
345,2020-12-31,20024801,346050,231024.0,3462.0
346,2021-01-01,20172049,347970,147248.0,1920.0
347,2021-01-02,20463659,350343,291610.0,2373.0
348,2021-01-03,20665439,351694,201780.0,1351.0
349,2021-01-04,20917269,353743,251830.0,2049.0
350,2021-01-05,21152285,357432,235016.0,3689.0
351,2021-01-06,21408251,361396,255966.0,3964.0
352,2021-01-07,21688585,365509,280334.0,4113.0
353,2021-01-08,21989362,369404,300777.0,3895.0
354,2021-01-09,22241281,372663,251919.0,3259.0
355,2021-01-10,22449576,374440,208295.0,1777.0
356,2021-01-11,22675892,376488,226316.0,2048.0
357,2021-01-12,22905869,380894,229977.0,4406.0
358,2021-01-13,23135194,384824,229325.0,3930.0
359,2021-01-14,23374716,388804,239522.0,3980.0
360,2021-01-15,23614569,392553,239853.0,3749.0
361,2021-01-16,23816762,395894,202193.0,3341.0
362,2021-01-17,23986856,397624,170094.0,1730.0
363,2021-01-18,24127989,399065,141133.0,1441.0
364,2021-01-19,24314933,401836,186944.0,2771.0
365,2021-01-20,24500421,406216,185488.0,4380.0
366,2021-01-21,24690903,410351,190482.0,4135.0
367,2021-01-22,24882468,414082,191565.0,3731.0
368,2021-01-23,25050385,417404,167917.0,3322.0
369,2021-01-24,25180061,419219,129676.0,1815.0
370,2021-01-25,25336637,421126,156576.0,1907.0
371,2021-01-26,25487275,425224,150638.0,4098.0
372,2021-01-27,25643045,429326,155770.0,4102.0
373,2021-01-28,25809220,433194,166175.0,3868.0
374,2021-01-29,25973835,436794,164615.0,3600.0
375,2021-01-30,26107635,439435,133800.0,2641.0
376,2021-01-31,26221675,441299,114040.0,1864.0
377,2021-02-01,26363284,443249,141609.0,1950.0
378,2021-02-02,26478540,446860,115256.0,3611.0
379,2021-02-03,26598723,450703,120183.0,3843.0
380,2021-02-04,26724359,455820,125636.0,5117.0
381,2021-02-05,26853860,459390,129501.0,3570.0
382,2021-02-06,26958807,462052,104947.0,2662.0
383,2021-02-07,27046088,463353,87281.0,1301.0
384,2021-02-08,27139070,464936,92982.0,1583.0
385,2021-02-09,27235460,468106,96390.0,3170.0
386,2021-02-10,27330435,471360,94975.0,3254.0
387,2021-02-11,27436075,475238,105640.0,3878.0
388,2021-02-12,27535702,480701,99627.0,5463.0
389,2021-02-13,27620354,484073,84652.0,3372.0
390,2021-02-14,27684134,485154,63780.0,1081.0
391,2021-02-15,27739406,486148,55272.0,994.0
392,2021-02-16,27803946,487855,64540.0,1707.0
393,2021-02-17,27874107,490326,70161.0,2471.0
394,2021-02-18,27945898,492951,71791.0,2625.0
395,2021-02-19,28023910,495572,78012.0,2621.0
396,2021-02-20,28093630,497403,69720.0,1831.0
397,2021-02-21,28148810,498650,55180.0,1247.0
398,2021-02-22,28208276,500104,59466.0,1454.0
399,2021-02-23,28280189,502432,71913.0,2328.0
400,2021-02-24,28354383,505642,74194.0,3210.0
401,2021-02-25,28432265,508107,77882.0,2465.0
402,2021-02-26,28510582,510283,78317.0,2176.0
403,2021-02-27,28573256,511850,62674.0,1567.0
404,2021-02-28,28624161,512979,50905.0,1129.0
405,2021-03-01,28680857,514404,56696.0,1425.0
406,2021-03-02,28738501,515710,57644.0,1306.0
407,2021-03-03,28805113,518079,66612.0,2369.0
408,2021-03-04,28872395,520028,67282.0,1949.0
409,2021-03-05,28938090,522511,65695.0,2483.0
410,2021-03-06,28994675,523970,56585.0,1459.0
411,2021-03-07,29034739,524646,40064.0,676.0
412,2021-03-08,29129252,525466,94513.0,820.0
413,2021-03-09,29185151,527351,55899.0,1885.0
414,2021-03-10,29243346,528825,58195.0,1474.0
415,2021-03-11,29305733,530349,62387.0,1524.0
416,2021-03-12,29369899,532054,64166.0,1705.0
417,2021-03-13,29419456,533928,49557.0,1874.0
418,2021-03-14,29457445,534497,37989.0,569.0
419,2021-03-15,29514609,535250,57164.0,753.0
420,2021-03-16,29569140,536494,54531.0,1244.0
421,2021-03-17,29628071,537671,58931.0,1177.0
422,2021-03-18,29688541,539229,60470.0,1558.0
423,2021-03-19,29749164,540743,60623.0,1514.0
424,2021-03-20,29803589,541515,54425.0,772.0
425,2021-03-21,29837782,541963,34193.0,448.0
426,2021-03-22,29892498,542611,54716.0,648.0
427,2021-03-23,29949244,543504,56746.0,893.0
428,2021-03-24,30029147,545094,79903.0,1590.0
429,2021-03-25,30098263,546364,69116.0,1270.0
430,2021-03-26,30172762,547624,74499.0,1260.0
431,2021-03-27,30233462,548404,60700.0,780.0
432,2021-03-28,30277977,548894,44515.0,490.0
433,2021-03-29,30348716,549579,70739.0,685.0
434,2021-03-30,30410950,550526,62234.0,947.0
435,2021-03-31,30478886,551661,67936.0,1135.0
436,2021-04-01,30556079,552618,77193.0,957.0
437,2021-04-02,30624668,553574,68589.0,956.0
438,2021-04-03,30688804,554327,64136.0,753.0
439,2021-04-04,30725627,554599,36823.0,272.0
440,2021-04-05,30802221,555129,76594.0,530.0
441,2021-04-06,30864193,556038,61972.0,909.0
442,2021-04-07,30937283,558609,73090.0,2571.0
443,2021-04-08,31017741,559611,80458.0,1002.0
444,2021-04-09,31099323,560557,81582.0,946.0
445,2021-04-10,31164081,561261,64758.0,704.0
446,2021-04-11,31212058,561562,47977.0,301.0
447,2021-04-12,31283990,562027,71932.0,465.0
448,2021-04-13,31361311,563010,77321.0,983.0
449,2021-04-14,31437061,563945,75750.0,935.0
450,2021-04-15,31510755,564862,73694.0,917.0
451,2021-04-16,31589109,565797,78354.0,935.0
452,2021-04-17,31642983,566474,53874.0,677.0
453,2021-04-18,31684382,566832,41399.0,358.0
454,2021-04-19,31754642,567317,70260.0,485.0
455,2021-04-20,31815666,568149,61024.0,832.0
456,2021-04-21,31878161,568989,62495.0,840.0
457,2021-04-22,31944402,569900,66241.0,911.0
458,2021-04-23,32008186,570773,63784.0,873.0
459,2021-04-24,32058654,571498,50468.0,725.0
460,2021-04-25,32092245,571780,33591.0,282.0
461,2021-04-26,32139580,572259,47335.0,479.0
462,2021-04-27,32191457,572972,51877.0,713.0
463,2021-04-28,32246275,573906,54818.0,934.0
464,2021-04-29,32303857,574780,57582.0,874.0
465,2021-04-30,32362374,575640,58517.0,860.0
466,2021-05-01,32407133,576355,44759.0,715.0
467,2021-05-02,32436765,576667,29632.0,312.0
468,2021-05-03,32486709,577126,49944.0,459.0
469,2021-05-04,32527664,578030,40955.0,904.0
470,2021-05-05,32572383,578806,44719.0,776.0
471,2021-05-06,32620077,579638,47694.0,832.0
472,2021-05-07,32667570,580450,47493.0,812.0
473,2021-05-08,32701236,581054,33666.0,604.0
474,2021-05-09,32723564,581300,22328.0,246.0
475,2021-05-10,32760121,581670,36557.0,370.0
476,2021-05-11,32794162,582363,34041.0,693.0
477,2021-05-12,32829645,583211,35483.0,848.0
478,2021-05-13,32868084,583991,38439.0,780.0
479,2021-05-14,32909065,584723,40981.0,732.0
480,2021-05-15,32938115,585282,29050.0,559.0
481,2021-05-16,32954825,585574,16710.0,292.0
482,2021-05-17,32984032,585958,29207.0,384.0
483,2021-05-18,33011895,586825,27863.0,867.0
484,2021-05-19,33040689,587500,28794.0,675.0
485,2021-05-20,33070307,588154,29618.0,654.0
486,2021-05-21,33107107,588850,36800.0,696.0
487,2021-05-22,33117634,589329,10527.0,479.0
488,2021-05-23,33131784,589518,14150.0,189.0
489,2021-05-24,33157412,589935,25628.0,417.0
490,2021-05-25,33180250,590635,22838.0,700.0
491,2021-05-26,33203636,591601,23386.0,966.0
492,2021-05-27,33231383,592942,27747.0,1341.0
493,2021-05-28,33253407,593701,22024.0,759.0
494,2021-05-29,33264967,594040,11560.0,339.0
495,2021-05-30,33272409,594171,7442.0,131.0
496,2021-05-31,33277912,594321,5503.0,150.0
497,2021-06-01,33300482,594841,22570.0,520.0
498,2021-06-02,33317340,595435,16858.0,594.0
499,2021-06-03,33336811,596051,19471.0,616.0
500,2021-06-04,33312812,596190,-23999.0,139.0
501,2021-06-05,33323260,596565,10448.0,375.0
502,2021-06-06,33329413,596817,6153.0,252.0
503,2021-06-07,33348865,597153,19452.0,336.0
504,2021-06-08,33363050,597528,14185.0,375.0
505,2021-06-09,33383714,598100,20664.0,572.0
506,2021-06-10,33399513,598560,15799.0,460.0
507,2021-06-11,33416340,599077,16827.0,517.0
508,2021-06-12,33424619,599247,8279.0,170.0
509,2021-06-13,33431406,599342,6787.0,95.0
510,2021-06-14,33446525,599552,15119.0,210.0
511,2021-06-15,33458397,600004,11872.0,452.0
512,2021-06-16,33472808,600428,14411.0,424.0
513,2021-06-17,33484995,600716,12187.0,288.0
514,2021-06-18,33497695,601185,12700.0,469.0
515,2021-06-19,33505275,601354,7580.0,169.0
516,2021-06-20,33509338,601444,4063.0,90.0
517,2021-06-21,33525182,601732,15844.0,288.0
518,2021-06-22,33537943,602164,12761.0,432.0
519,2021-06-23,33551974,602562,14031.0,398.0
520,2021-06-24,33566669,602917,14695.0,355.0
521,2021-06-25,33581632,603375,14963.0,458.0
522,2021-06-26,33588423,603501,6791.0,126.0
523,2021-06-27,33592510,603597,4087.0,96.0
524,2021-06-28,33608058,603758,15548.0,161.0
525,2021-06-29,33623787,604137,15729.0,379.0
526,2021-06-30,33639764,604460,15977.0,323.0
527,2021-07-01,33704723,604707,64959.0,247.0
528,2021-07-02,33725159,604973,20436.0,266.0
529,2021-07-03,33729152,605059,3993.0,86.0
530,2021-07-04,33732074,605096,2922.0,37.0
531,2021-07-05,33736665,605137,4591.0,41.0
532,2021-07-06,33763742,605454,27077.0,317.0
533,2021-07-07,33793961,605776,30219.0,322.0
534,2021-07-08,33843194,606142,49233.0,366.0
535,2021-07-09,33878529,606549,35335.0,407.0
536,2021-07-10,33886287,606637,7758.0,88.0
537,2021-07-11,33891830,606667,5543.0,30.0
538,2021-07-12,33927213,606940,35383.0,273.0
539,2021-07-13,33970195,607372,42982.0,432.0
540,2021-07-14,34008250,607765,38055.0,393.0
541,2021-07-15,34044268,608103,36018.0,338.0
542,2021-07-16,34096492,608460,52224.0,357.0
543,2021-07-17,34108937,608543,12445.0,83.0
544,2021-07-18,34117964,608580,9027.0,37.0
545,2021-07-19,34177146,608811,59182.0,231.0
546,2021-07-20,34239257,609111,62111.0,300.0
547,2021-07-21,34299310,609508,60053.0,397.0
548,2021-07-22,34364829,609870,65519.0,362.0
549,2021-07-23,34447610,610313,82781.0,443.0
550,2021-07-24,34469200,610414,21590.0,101.0
551,2021-07-25,34483033,610463,13833.0,49.0
552,2021-07-26,34576119,610722,93086.0,259.0
553,2021-07-27,34682937,611206,106818.0,484.0
554,2021-07-28,34767898,611711,84961.0,505.0
555,2021-07-29,34866192,612104,98294.0,393.0
556,2021-07-30,34988866,612775,122674.0,671.0
557,2021-07-31,35018564,612919,29698.0,144.0
558,2021-08-01,35041458,612982,22894.0,63.0
559,2021-08-02,35177628,613440,136170.0,458.0
560,2021-08-03,35327939,614109,150311.0,669.0
561,2021-08-04,35440283,614834,112344.0,725.0
562,2021-08-05,35567255,615408,126972.0,574.0
563,2021-08-06,35735606,616257,168351.0,849.0
564,2021-08-07,35777721,616463,42115.0,206.0
565,2021-08-08,35813789,616594,36068.0,131.0
566,2021-08-09,35992480,617314,178691.0,720.0
567,2021-08-10,36154571,618363,162091.0,1049.0
568,2021-08-11,36310148,618701,155577.0,338.0
569,2021-08-12,36448857,619723,138709.0,1022.0
570,2021-08-13,36636249,620809,187392.0,1086.0
571,2021-08-14,36686066,621051,49817.0,242.0
572,2021-08-15,36729884,621228,43818.0,177.0
573,2021-08-16,36989377,622244,259493.0,1016.0
574,2021-08-17,37133674,623237,144297.0,993.0
575,2021-08-18,37298543,624365,164869.0,1128.0
576,2021-08-19,37458349,626099,159806.0,1734.0
577,2021-08-20,37657643,627631,199294.0,1532.0
578,2021-08-21,37737034,628100,79391.0,469.0
579,2021-08-22,37777607,628285,40573.0,185.0
580,2021-08-23,38043754,629644,266147.0,1359.0
581,2021-08-24,38193951,631057,150197.0,1413.0
582,2021-08-25,38364887,632522,170936.0,1465.0
583,2021-08-26,38552648,634735,187761.0,2213.0
584,2021-08-27,38748559,636509,195911.0,1774.0
585,2021-08-28,38833818,637076,85259.0,567.0
586,2021-08-29,38875976,637356,42158.0,280.0
587,2021-08-30,39156379,639081,280403.0,1725.0
588,2021-08-31,39316629,640519,160250.0,1438.0
589,2021-09-01,39527624,642454,210995.0,1935.0
590,2021-09-02,39703320,645391,175696.0,2937.0
591,2021-09-03,39894795,647370,191475.0,1979.0
592,2021-09-04,39960849,647896,66054.0,526.0
593,2021-09-05,40005266,648273,44417.0,377.0
594,2021-09-06,40082242,648788,76976.0,515.0
595,2021-09-07,40383380,651014,301138.0,2226.0
596,2021-09-08,40567569,653216,184189.0,2202.0
597,2021-09-09,40738140,656448,170571.0,3232.0
598,2021-09-10,40914456,658865,176316.0,2417.0
599,2021-09-11,40988382,659556,73926.0,691.0
600,2021-09-12,41027940,659854,39558.0,298.0
601,2021-09-13,41312998,661579,285058.0,1725.0
602,2021-09-14,41465694,664235,152696.0,2656.0
603,2021-09-15,41635889,666816,170195.0,2581.0
604,2021-09-16,41790772,670234,154883.0,3418.0
605,2021-09-17,41957710,672813,166938.0,2579.0
606,2021-09-18,42025890,673637,68180.0,824.0
607,2021-09-19,42065846,673939,39956.0,302.0
608,2021-09-20,42274012,676191,208166.0,2252.0
609,2021-09-21,42403987,678556,129975.0,2365.0
610,2021-09-22,42551480,681343,147493.0,2787.0
611,2021-09-23,42679344,684498,127864.0,3155.0
612,2021-09-24,42819355,687247,140011.0,2749.0
613,2021-09-25,42870947,687876,51592.0,629.0
614,2021-09-26,42905182,688178,34235.0,302.0
615,2021-09-27,43099971,690559,194789.0,2381.0
616,2021-09-28,43213311,692878,113340.0,2319.0
617,2021-09-29,43341823,695393,128512.0,2515.0
618,2021-09-30,43458032,698136,116209.0,2743.0
619,2021-10-01,43583808,700583,125776.0,2447.0
620,2021-10-02,43628030,701231,44222.0,648.0
621,2021-10-03,43653869,701480,25839.0,249.0
622,2021-10-04,43826568,703515,172699.0,2035.0
623,2021-10-05,43925170,705543,98602.0,2028.0
624,2021-10-06,44051125,708073,125955.0,2530.0
625,2021-10-07,44156527,710522,105402.0,2449.0
626,2021-10-08,44269453,712967,112926.0,2445.0
627,2021-10-09,44306787,713480,37334.0,513.0
628,2021-10-10,44329826,713961,23039.0,481.0
629,2021-10-11,44453506,715123,123680.0,1162.0
630,2021-10-12,44565082,717648,111576.0,2525.0
631,2021-10-13,44671639,719887,106557.0,2239.0
632,2021-10-14,44760608,721929,88969.0,2042.0
633,2021-10-15,44859168,724104,98560.0,2175.0
634,2021-10-16,44892709,724491,33541.0,387.0
635,2021-10-17,44914861,724673,22152.0,182.0
636,2021-10-18,45036894,726545,122033.0,1872.0
637,2021-10-19,45120577,728682,83683.0,2137.0
638,2021-10-20,45207199,731688,86622.0,3006.0
639,2021-10-21,45289145,733564,81946.0,1876.0
640,2021-10-22,45376442,735699,87297.0,2135.0
641,2021-10-23,45406266,736148,29824.0,449.0
642,2021-10-24,45423368,736296,17102.0,148.0
643,2021-10-25,45528929,737709,105561.0,1413.0
644,2021-10-26,45616352,739445,87423.0,1736.0
645,2021-10-27,45710896,741460,94544.0,2015.0
646,2021-10-28,45797081,743242,86185.0,1782.0
647,2021-10-29,45885804,745262,88723.0,2020.0
648,2021-10-30,45915215,745586,29411.0,324.0
649,2021-10-31,45934098,745743,18883.0,157.0
650,2021-11-01,46058668,746894,124570.0,1151.0
651,2021-11-02,46135611,748410,76943.0,1516.0
652,2021-11-03,46220455,750290,84844.0,1880.0
653,2021-11-04,46303542,751413,83087.0,1123.0
654,2021-11-05,46395310,753734,91768.0,2321.0
655,2021-11-06,46427249,754136,31939.0,402.0
656,2021-11-07,46449334,754268,22085.0,132.0
657,2021-11-08,46575795,755489,126461.0,1221.0
658,2021-11-09,46659446,757205,83651.0,1716.0
659,2021-11-10,46757836,758841,98390.0,1636.0
660,2021-11-11,46822437,759563,64601.0,722.0
661,2021-11-12,46951788,761624,129351.0,2061.0
662,2021-11-13,47013185,762092,61397.0,468.0
663,2021-11-14,47036794,762234,23609.0,142.0
664,2021-11-15,47185418,763425,148624.0,1191.0
665,2021-11-16,47275904,764871,90486.0,1446.0
666,2021-11-17,47390261,766489,114357.0,1618.0
667,2021-11-18,47500534,769820,110273.0,3331.0
668,2021-11-19,47620182,771811,119648.0,1991.0
669,2021-11-20,47661246,772136,41064.0,325.0
670,2021-11-21,47692618,772259,31372.0,123.0
671,2021-11-22,47851516,773402,158898.0,1143.0
672,2021-11-23,47944287,774880,92771.0,1478.0
673,2021-11-24,48064179,776516,119892.0,1636.0
674,2021-11-25,48095032,776893,30853.0,377.0
675,2021-11-26,48146557,777437,51525.0,544.0
676,2021-11-27,48171236,777629,24679.0,192.0
677,2021-11-28,48195186,777750,23950.0,121.0
678,2021-11-29,48411498,779624,216312.0,1874.0
679,2021-11-30,48520792,781183,109294.0,1559.0
680,2021-12-01,48660112,783149,139320.0,1966.0
681,2021-12-02,48798824,784506,138712.0,1357.0
682,2021-12-03,48952069,786667,153245.0,2161.0
683,2021-12-04,49010213,787157,58144.0,490.0
684,2021-12-05,49044786,787318,34573.0,161.0
685,2021-12-06,49242230,788660,197444.0,1342.0
686,2021-12-07,49356227,790434,113997.0,1774.0
687,2021-12-08,49505272,792313,149045.0,1879.0
688,2021-12-09,49628777,793608,123505.0,1295.0
689,2021-12-10,49793839,795711,165062.0,2103.0
690,2021-12-11,49845184,796127,51345.0,416.0
691,2021-12-12,49881540,796322,36356.0,195.0
692,2021-12-13,50084423,797611,202883.0,1289.0
693,2021-12-14,50201282,799345,116859.0,1734.0
694,2021-12-15,50346558,801438,145276.0,2093.0
695,2021-12-16,50492877,802601,146319.0,1163.0
696,2021-12-17,50664022,804697,171145.0,2096.0
697,2021-12-18,50738685,805171,74663.0,474.0
698,2021-12-19,50811164,805334,72479.0,163.0
699,2021-12-20,51114064,806753,302900.0,1419.0
700,2021-12-21,51303535,808841,189471.0,2088.0
701,2021-12-22,51547227,810927,243692.0,2086.0
702,2021-12-23,51812442,814211,265215.0,3284.0
703,2021-12-24,51996367,815213,183925.0,1002.0
704,2021-12-25,52054715,815312,58348.0,99.0
705,2021-12-26,52244429,815391,189714.0,79.0
706,2021-12-27,52787969,817134,543540.0,1743.0
707,2021-12-28,53168681,819630,380712.0,2496.0
708,2021-12-29,53657745,821731,489064.0,2101.0
709,2021-12-30,54242800,823141,585055.0,1410.0
710,2021-12-31,54689367,824336,446567.0,1195.0
711,2022-01-01,54850427,824609,161060.0,273.0
712,2022-01-02,55137064,824841,286637.0,232.0
713,2022-01-03,56155999,826491,1018935.0,1650.0
714,2022-01-04,57041905,828853,885906.0,2362.0
715,2022-01-05,57745969,830981,704064.0,2128.0
716,2022-01-06,58505187,832953,759218.0,1972.0
717,2022-01-07,59405357,835637,900170.0,2684.0
718,2022-01-08,59851597,836327,446240.0,690.0
719,2022-01-09,60166932,836728,315335.0,401.0
720,2022-01-10,61600909,838412,1433977.0,1684.0
721,2022-01-11,62370837,841092,769928.0,2680.0
722,2022-01-12,63251819,843853,880982.0,2761.0
723,2022-01-13,64120526,846110,868707.0,2257.0
724,2022-01-14,65053852,849101,933326.0,2991.0
725,2022-01-15,65477079,850099,423227.0,998.0
726,2022-01-16,65814886,850509,337807.0,410.0
727,2022-01-17,66526937,851283,712051.0,774.0
728,2022-01-18,67705340,854268,1178403.0,2985.0
729,2022-01-19,68557295,857644,851955.0,3376.0
730,2022-01-20,69305615,860316,748320.0,2672.0
731,2022-01-21,70130930,864182,825315.0,3866.0
732,2022-01-22,70468314,865116,337384.0,934.0
733,2022-01-23,70667795,865687,199481.0,571.0
734,2022-01-24,71699954,867866,1032159.0,2179.0
735,2022-01-25,72210867,870838,510913.0,2972.0
736,2022-01-26,72895313,874733,684446.0,3895.0
737,2022-01-27,73425577,877824,530264.0,3091.0
738,2022-01-28,73981352,881703,555775.0,3879.0
739,2022-01-29,74223465,883009,242113.0,1306.0
740,2022-01-30,74327523,883370,104058.0,361.0
741,2022-01-31,74989495,885943,661972.0,2573.0
742,2022-02-01,75285900,889525,296405.0,3582.0
743,2022-02-02,75610929,893156,325029.0,3631.0
744,2022-02-03,75923171,896178,312242.0,3022.0
745,2022-02-04,76236151,900154,312980.0,3976.0
746,2022-02-05,76359918,901022,123767.0,868.0
747,2022-02-06,76418395,901400,58477.0,378.0
748,2022-02-07,76766514,904139,348119.0,2739.0
749,2022-02-08,76961010,907497,194496.0,3358.0
750,2022-02-09,77187359,911067,226349.0,3570.0
751,2022-02-10,77360952,914328,173593.0,3261.0
752,2022-02-11,77530775,917135,169823.0,2807.0
753,2022-02-12,77594737,917896,63962.0,761.0
754,2022-02-13,77629125,918368,34388.0,472.0
755,2022-02-14,77835449,920954,206324.0,2586.0
756,2022-02-15,77950961,923804,115512.0,2850.0
757,2022-02-16,78092141,927110,141180.0,3306.0
758,2022-02-17,78196006,930297,103865.0,3187.0
759,2022-02-18,78305615,932788,109609.0,2491.0
760,2022-02-19,78351826,933480,46211.0,692.0
761,2022-02-20,78377993,933894,26167.0,414.0
762,2022-02-21,78433652,934654,55659.0,760.0
763,2022-02-22,78556769,937380,123117.0,2726.0
764,2022-02-23,78641313,940404,84544.0,3024.0
765,2022-02-24,78714719,943312,73406.0,2908.0
766,2022-02-25,78800705,946121,85986.0,2809.0
767,2022-02-26,78825927,946686,25222.0,565.0
768,2022-02-27,78835013,946883,9086.0,197.0
769,2022-02-28,78942813,948855,107800.0,1972.0
770,2022-03-01,78986396,950788,43583.0,1933.0
771,2022-03-02,79044542,953136,58146.0,2348.0
772,2022-03-03,79096279,955018,51737.0,1882.0
773,2022-03-04,79145866,956910,49587.0,1892.0
774,2022-03-05,79162481,957217,16615.0,307.0
775,2022-03-06,79169256,957429,6775.0,212.0
776,2022-03-07,79232308,959115,63052.0,1686.0
777,2022-03-08,79266324,960690,34016.0,1575.0
778,2022-03-09,79314028,962503,47704.0,1813.0
779,2022-03-10,79352221,964062,38193.0,1559.0
780,2022-03-11,79396596,965746,44375.0,1684.0
781,2022-03-12,79407518,966218,10922.0,472.0
782,2022-03-13,79413908,966361,6390.0,143.0
783,2022-03-14,79462956,963926,49048.0,-2435.0
784,2022-03-15,79511352,965449,48396.0,1523.0
785,2022-03-16,79550748,967482,39396.0,2033.0
786,2022-03-17,79586734,968690,35986.0,1208.0
787,2022-03-18,79623203,969733,36469.0,1043.0
788,2022-03-19,79635322,970065,12119.0,332.0
789,2022-03-20,79643175,970148,7853.0,83.0
790,2022-03-21,79689310,971107,46135.0,959.0
791,2022-03-22,79714979,972104,25669.0,997.0
792,2022-03-23,79762066,973459,47087.0,1355.0
793,2022-03-24,79799812,974441,37746.0,982.0
794,2022-03-25,79833549,975273,33737.0,832.0
795,2022-03-26,79845604,975436,12055.0,163.0
796,2022-03-27,79853102,975486,7498.0,50.0
797,2022-03-28,79895338,976396,42236.0,910.0
798,2022-03-29,79920966,977153,25628.0,757.0
799,2022-03-30,79966408,978361,45442.0,1208.0
800,2022-03-31,80004185,979236,37777.0,875.0
801,2022-04-01,80036620,979881,32435.0,645.0
802,2022-04-02,80048015,980018,11395.0,137.0
803,2022-04-03,80052942,980057,4927.0,39.0
804,2022-04-04,80093982,980682,41040.0,625.0
805,2022-04-05,80124875,981146,30893.0,464.0
806,2022-04-06,80174198,982263,49323.0,1117.0
807,2022-04-07,80209904,982971,35706.0,708.0
808,2022-04-08,80254009,983514,44105.0,543.0
809,2022-04-09,80267530,983786,13521.0,272.0
810,2022-04-10,80275715,983813,8185.0,27.0
811,2022-04-11,80325700,984247,49985.0,434.0
812,2022-04-12,80354734,984838,29034.0,591.0
813,2022-04-13,80408643,985832,53909.0,994.0
814,2022-04-14,80466106,986448,57463.0,616.0
815,2022-04-15,80513724,987171,47618.0,723.0
816,2022-04-16,80524627,987211,10903.0,40.0
817,2022-04-17,80535906,987228,11279.0,17.0
818,2022-04-18,80595982,987545,60076.0,317.0
819,2022-04-19,80646004,987999,50022.0,454.0
820,2022-04-20,80708901,988610,62897.0,611.0
821,2022-04-21,80768167,989094,59266.0,484.0
822,2022-04-22,80836264,989584,68097.0,490.0
823,2022-04-23,80855181,989681,18917.0,97.0
824,2022-04-24,80867572,989709,12391.0,28.0
825,2022-04-25,80942184,990062,74612.0,353.0
826,2022-04-26,80996837,990368,54653.0,306.0
827,2022-04-27,81081307,991039,84470.0,671.0
828,2022-04-28,81154876,991502,73569.0,463.0
829,2022-04-29,81236707,991921,81831.0,419.0
830,2022-04-30,81259033,992010,22326.0,89.0
831,2022-05-01,81274401,992033,15368.0,23.0
832,2022-05-02,81370245,992424,95844.0,391.0
833,2022-05-03,81439579,993088,69334.0,664.0
834,2022-05-04,81541535,995021,101956.0,1933.0
835,2022-05-05,81634962,995715,93427.0,694.0
836,2022-05-06,81730174,996168,95212.0,453.0
837,2022-05-07,81760532,996264,30358.0,96.0
838,2022-05-08,81772325,996283,11793.0,19.0
839,2022-05-09,81884978,996612,112653.0,329.0
840,2022-05-10,81978601,996916,93623.0,304.0
841,2022-05-11,82140136,997481,161535.0,565.0
842,2022-05-12,82255493,997853,115357.0,372.0
843,2022-05-13,82369958,998279,114465.0,426.0
844,2022-05-14,82395023,998325,25065.0,46.0
845,2022-05-15,82414462,998352,19439.0,27.0
846,2022-05-16,82564280,998673,149818.0,321.0
847,2022-05-17,82698373,999027,134093.0,354.0
848,2022-05-18,82867288,999607,168915.0,580.0
849,2022-05-19,82988450,1000013,121162.0,406.0
850,2022-05-20,83128466,1000411,140016.0,398.0
851,2022-05-21,83165773,1000526,37307.0,115.0
852,2022-05-22,83187760,1000577,21987.0,51.0
853,2022-05-23,83320644,1000826,132884.0,249.0
854,2022-05-24,83453009,1001375,132365.0,549.0
855,2022-05-25,83640103,1002179,187094.0,804.0
856,2022-05-26,83764744,1002522,124641.0,343.0
857,2022-05-27,83903655,1003124,138911.0,602.0
858,2022-05-28,83917417,1003159,13762.0,35.0
859,2022-05-29,83926462,1003167,9045.0,8.0
860,2022-05-30,83958614,1003189,32152.0,22.0
861,2022-05-31,84140997,1003571,182383.0,382.0
862,2022-06-01,84360023,1004163,219026.0,592.0
863,2022-06-02,84471393,1004534,111370.0,371.0
864,2022-06-03,84613605,1004941,142212.0,407.0
865,2022-06-04,84657255,1005134,43650.0,193.0
866,2022-06-05,84673734,1005152,16479.0,18.0
867,2022-06-06,84810837,1005473,137103.0,321.0
868,2022-06-07,84953650,1005943,142813.0,470.0
869,2022-06-08,85132456,1006988,178806.0,1045.0
870,2022-06-09,85250167,1007331,117711.0,343.0
871,2022-06-10,85386208,1007702,136041.0,371.0
872,2022-06-11,85421581,1007826,35373.0,124.0
873,2022-06-12,85439974,1007845,18393.0,19.0
874,2022-06-13,85565377,1008116,125403.0,271.0
875,2022-06-14,85700792,1008554,135415.0,438.0
876,2022-06-15,85872596,1009208,171804.0,654.0
877,2022-06-16,85976793,1009543,104197.0,335.0
878,2022-06-17,86093350,1009847,116557.0,304.0
879,2022-06-18,86108115,1009871,14765.0,24.0
880,2022-06-19,86122722,1009893,14607.0,22.0
881,2022-06-20,86176918,1009982,54196.0,89.0
882,2022-06-21,86386656,1010552,209738.0,570.0
883,2022-06-22,86557097,1011326,170441.0,774.0
884,2022-06-23,86673590,1011825,116493.0,499.0
885,2022-06-24,86829149,1012317,155559.0,492.0
886,2022-06-25,86876818,1012480,47669.0,163.0
887,2022-06-26,86895056,1012486,18238.0,6.0
888,2022-06-27,87027295,1012765,132239.0,279.0
889,2022-06-28,87149583,1013306,122288.0,541.0
890,2022-06-29,87345359,1013999,195776.0,693.0
891,2022-06-30,87469077,1014452,123718.0,453.0
892,2022-07-01,87621338,1014974,152261.0,522.0
893,2022-07-02,87633658,1014995,12320.0,21.0
894,2022-07-03,87640519,1014998,6861.0,3.0
895,2022-07-04,87676181,1015062,35662.0,64.0
896,2022-07-05,87857067,1015488,180886.0,426.0
897,2022-07-06,88097358,1016205,240291.0,717.0
898,2022-07-07,88221970,1016680,124612.0,475.0
899,2022-07-08,88390029,1017242,168059.0,562.0
900,2022-07-09,88413615,1017278,23586.0,36.0
901,2022-07-10,88436184,1017286,22569.0,8.0
902,2022-07-11,88611513,1017837,175329.0,551.0
903,2022-07-12,88795782,1018359,184269.0,522.0
904,2022-07-13,88986908,1019239,191126.0,880.0
905,2022-07-14,89131091,1019697,144183.0,458.0
906,2022-07-15,89300973,1020230,169882.0,533.0
907,2022-07-16,89322015,1020272,21042.0,42.0
908,2022-07-17,89343986,1020283,21971.0,11.0
909,2022-07-18,89514434,1020803,170448.0,520.0
910,2022-07-19,89675305,1021350,160871.0,547.0
911,2022-07-20,89879921,1022142,204616.0,792.0
912,2022-07-21,90033432,1022693,153511.0,551.0
913,2022-07-22,90199121,1023273,165689.0,580.0
914,2022-07-23,90223372,1023329,24251.0,56.0
915,2022-07-24,90244872,1023343,21500.0,14.0
916,2022-07-25,90412575,1023855,167703.0,512.0
917,2022-07-26,90576810,1024374,164235.0,519.0
918,2022-07-27,90803295,1025198,226485.0,824.0
919,2022-07-28,90952402,1025682,149107.0,484.0
920,2022-07-29,91091698,1026300,139296.0,618.0
921,2022-07-30,91103665,1026322,11967.0,22.0
922,2022-07-31,91114530,1026331,10865.0,9.0
923,2022-08-01,91291256,1026937,176726.0,606.0
924,2022-08-02,91399466,1027382,108210.0,445.0
925,2022-08-03,91616745,1028439,217279.0,1057.0
926,2022-08-04,91781476,1029112,164731.0,673.0
927,2022-08-05,91913390,1029769,131914.0,657.0
928,2022-08-06,91924176,1029797,10786.0,28.0
929,2022-08-07,91934257,1029808,10081.0,11.0
930,2022-08-08,92079701,1030371,145444.0,563.0
931,2022-08-09,92208348,1030933,128647.0,562.0
932,2022-08-10,92383180,1031805,174832.0,872.0
933,2022-08-11,92520198,1032506,137018.0,701.0
934,2022-08-12,92641966,1033177,121768.0,671.0
935,2022-08-13,92648820,1033195,6854.0,18.0
936,2022-08-14,92659524,1033207,10704.0,12.0
937,2022-08-15,92788886,1033762,129362.0,555.0
938,2022-08-16,92909503,1034234,120617.0,472.0
939,2022-08-17,93069322,1035194,159819.0,960.0
940,2022-08-18,93195688,1035802,126366.0,608.0
941,2022-08-19,93304179,1036333,108491.0,531.0
942,2022-08-20,93312106,1036360,7927.0,27.0
943,2022-08-21,93320628,1036368,8522.0,8.0
944,2022-08-22,93441270,1036961,120642.0,593.0
945,2022-08-23,93546473,1037466,105203.0,505.0
946,2022-08-24,93720590,1038392,174117.0,926.0
947,2022-08-25,93831767,1039036,111177.0,644.0
948,2022-08-26,93934199,1039673,102432.0,637.0
949,2022-08-27,93943022,1039703,8823.0,30.0
950,2022-08-28,93951561,1039706,8539.0,3.0
951,2022-08-29,94063866,1040297,112305.0,591.0
952,2022-08-30,94180902,1040764,117036.0,467.0
953,2022-08-31,94335008,1042167,154106.0,1403.0
954,2022-09-01,94443668,1042880,108660.0,713.0
955,2022-09-02,94532021,1043382,88353.0,502.0
956,2022-09-03,94539458,1043401,7437.0,19.0
957,2022-09-04,94545281,1043402,5823.0,1.0
958,2022-09-05,94563745,1043455,18464.0,53.0
959,2022-09-06,94689639,1044083,125894.0,628.0
960,2022-09-07,94833490,1044912,143851.0,829.0
961,2022-09-08,94921915,1045586,88425.0,674.0
962,2022-09-09,94995800,1046119,73885.0,533.0
963,2022-09-10,94999027,1046145,3227.0,26.0
964,2022-09-11,95010491,1046164,11464.0,19.0
965,2022-09-12,95098004,1046733,87513.0,569.0
966,2022-09-13,95159646,1047221,61642.0,488.0
967,2022-09-14,95275075,1048141,115429.0,920.0
968,2022-09-15,95369503,1048765,94428.0,624.0
969,2022-09-16,95428258,1049213,58755.0,448.0
970,2022-09-17,95434981,1049235,6723.0,22.0
971,2022-09-18,95440240,1049243,5259.0,8.0
972,2022-09-19,95507606,1049750,67366.0,507.0
973,2022-09-20,95559194,1050158,51588.0,408.0
974,2022-09-21,95666528,1051083,107334.0,925.0
975,2022-09-22,95760230,1051601,93702.0,518.0
976,2022-09-23,95804726,1052056,44496.0,455.0
977,2022-09-24,95812817,1052093,8091.0,37.0
978,2022-09-25,95819136,1052099,6319.0,6.0
979,2022-09-26,95877656,1052503,58520.0,404.0
980,2022-09-27,95919539,1052948,41883.0,445.0
981,2022-09-28,96019867,1054260,100328.0,1312.0
982,2022-09-29,96104859,1054893,84992.0,633.0
983,2022-09-30,96144226,1055290,39367.0,397.0
984,2022-10-01,96150643,1055316,6417.0,26.0
985,2022-10-02,96156591,1055316,5948.0,0.0
986,2022-10-03,96204427,1055596,47836.0,280.0
987,2022-10-04,96240281,1056073,35854.0,477.0
988,2022-10-05,96320795,1057185,80514.0,1112.0
989,2022-10-06,96394630,1057889,73835.0,704.0
990,2022-10-07,96429284,1058206,34654.0,317.0
991,2022-10-08,96422344,1058156,-6940.0,-50.0
992,2022-10-09,96428398,1058159,6054.0,3.0
993,2022-10-10,96452692,1058322,24294.0,163.0
994,2022-10-11,96493867,1058919,41175.0,597.0
995,2022-10-12,96567547,1059706,73680.0,787.0
996,2022-10-13,96643191,1060345,75644.0,639.0
997,2022-10-14,96672841,1060730,29650.0,385.0
998,2022-10-15,96675617,1060748,2776.0,18.0
999,2022-10-16,96682663,1060760,7046.0,12.0
1000,2022-10-17,96729811,1061118,47148.0,358.0
1001,2022-10-18,96757935,1061498,28124.0,380.0
1002,2022-10-19,96826394,1062203,68459.0,705.0
1003,2022-10-20,96887495,1062741,61101.0,538.0
1004,2022-10-21,96921457,1063369,33962.0,628.0
1005,2022-10-22,96924033,1063379,2576.0,10.0
1006,2022-10-23,96931008,1063380,6975.0,1.0
1007,2022-10-24,96970800,1063613,39792.0,233.0
1008,2022-10-25,96996456,1063993,25656.0,380.0
1009,2022-10-26,97077271,1065118,80815.0,1125.0
1010,2022-10-27,97146134,1065706,68863.0,588.0
1011,2022-10-28,97179235,1065942,33101.0,236.0
1012,2022-10-29,97182927,1065964,3692.0,22.0
1013,2022-10-30,97186606,1065966,3679.0,2.0
1014,2022-10-31,97233018,1066150,46412.0,184.0
1015,2022-11-01,97262328,1066491,29310.0,341.0
1016,2022-11-02,97338475,1067366,76147.0,875.0
1017,2022-11-03,97416551,1067922,78076.0,556.0
1018,2022-11-04,97465910,1068411,49359.0,489.0
1019,2022-11-05,97469639,1068432,3729.0,21.0
1020,2022-11-06,97476278,1068437,6639.0,5.0
1021,2022-11-07,97515570,1068574,39292.0,137.0
1022,2022-11-08,97536711,1068787,21141.0,213.0
1023,2022-11-09,97630397,1069707,93686.0,920.0
1024,2022-11-10,97718317,1070288,87920.0,581.0
1025,2022-11-11,97729641,1083006,11324.0,12718.0
1026,2022-11-12,97732216,1083008,2575.0,2.0
1027,2022-11-13,97734170,1083009,1954.0,1.0
1028,2022-11-14,97785091,1083181,50921.0,172.0
1029,2022-11-15,97818155,1083484,33064.0,303.0
1030,2022-11-16,97896481,1083989,78326.0,505.0
1031,2022-11-17,97979502,1084415,83021.0,426.0
1032,2022-11-18,98030190,1084931,50688.0,516.0
1033,2022-11-19,98033687,1084942,3497.0,11.0
1034,2022-11-20,98036926,1084942,3239.0,0.0
1035,2022-11-21,98080590,1085106,43664.0,164.0
1036,2022-11-22,98117917,1085553,37327.0,447.0
1037,2022-11-23,98228602,1086524,110685.0,971.0
1038,2022-11-24,98264632,1086674,36030.0,150.0
1039,2022-11-25,98290350,1086893,25718.0,219.0
1040,2022-11-26,98291540,1086894,1190.0,1.0
1041,2022-11-27,98298369,1086908,6829.0,14.0
1042,2022-11-28,98356317,1087098,57948.0,190.0
1043,2022-11-29,98404190,1087415,47873.0,317.0
1044,2022-11-30,98516131,1087873,111941.0,458.0
1045,2022-12-01,98613271,1088564,97140.0,691.0
1046,2022-12-02,98686737,1088978,73466.0,414.0
1047,2022-12-03,98691598,1088997,4861.0,19.0
1048,2022-12-04,98696204,1088997,4606.0,0.0
1049,2022-12-05,98750243,1089181,54039.0,184.0
1050,2022-12-06,98798681,1089662,48438.0,481.0
1051,2022-12-07,98949011,1090599,150330.0,937.0
1052,2022-12-08,99089404,1092099,140393.0,1500.0
1053,2022-12-09,99122963,1092393,33559.0,294.0
1054,2022-12-10,99128018,1092410,5055.0,17.0
1055,2022-12-11,99133303,1092410,5285.0,0.0
1056,2022-12-12,99187602,1092595,54299.0,185.0
1057,2022-12-13,99245874,1093064,58272.0,469.0
1058,2022-12-14,99400962,1093869,155088.0,805.0
1059,2022-12-15,99527716,1094509,126754.0,640.0
1060,2022-12-16,99601910,1095062,74194.0,553.0
1061,2022-12-17,99606838,1095074,4928.0,12.0
1062,2022-12-18,99612758,1095074,5920.0,0.0
1063,2022-12-19,99669991,1095297,57233.0,223.0
1064,2022-12-20,99726822,1095749,56831.0,452.0
1065,2022-12-21,99907293,1096760,180471.0,1011.0
1066,2022-12-22,100055824,1097361,148531.0,601.0
1067,2022-12-23,100087194,1097537,31370.0,176.0
1068,2022-12-24,100092117,1097539,4923.0,2.0
1069,2022-12-25,100095566,1097539,3449.0,0.0
1070,2022-12-26,100104798,1097550,9232.0,11.0
1071,2022-12-27,100190406,1097812,85608.0,262.0
1072,2022-12-28,100313378,1098651,122972.0,839.0
1073,2022-12-29,100423471,1099302,110093.0,651.0
1074,2022-12-30,100456662,1099824,33191.0,522.0
1075,2022-12-31,100462184,1099837,5522.0,13.0
1076,2023-01-01,100447989,1099837,-14195.0,0.0
1077,2023-01-02,100458882,1099837,10893.0,0.0
1078,2023-01-03,100535564,1100152,76682.0,315.0
1079,2023-01-04,100743731,1102278,208167.0,2126.0
1080,2023-01-05,100859561,1102956,115830.0,678.0
1081,2023-01-06,100969155,1103517,109594.0,561.0
1082,2023-01-07,100972762,1103530,3607.0,13.0
1083,2023-01-08,100978862,1103533,6100.0,3.0
1084,2023-01-09,101023334,1103732,44472.0,199.0
1085,2023-01-10,101067331,1104459,43997.0,727.0
1086,2023-01-11,101225546,1105982,158215.0,1523.0
1087,2023-01-12,101322776,1106738,97230.0,756.0
1088,2023-01-13,101353503,1107013,30727.0,275.0
1089,2023-01-14,101357407,1107039,3904.0,26.0
1090,2023-01-15,101361142,1107040,3735.0,1.0
1091,2023-01-16,101369550,1107051,8408.0,11.0
1092,2023-01-17,101428192,1107788,58642.0,737.0
1093,2023-01-18,101573353,1109270,145161.0,1482.0
1094,2023-01-19,101641282,1110084,67929.0,814.0
1095,2023-01-20,101724115,1111004,82833.0,920.0
1096,2023-01-21,101726588,1111011,2473.0,7.0
1097,2023-01-22,101731541,1111020,4953.0,9.0
1098,2023-01-23,101763953,1111290,32412.0,270.0
1099,2023-01-24,101795726,1111991,31773.0,701.0
1100,2023-01-25,101909009,1113234,113283.0,1243.0
1101,2023-01-26,101987861,1114038,78852.0,804.0
1102,2023-01-27,102002032,1114217,14171.0,179.0
1103,2023-01-28,102004232,1114224,2200.0,7.0
1104,2023-01-29,102008656,1114228,4424.0,4.0
1105,2023-01-30,102039105,1114413,30449.0,185.0
1106,2023-01-31,102070172,1115001,31067.0,588.0
1107,2023-02-01,102179838,1115974,109666.0,973.0
1108,2023-02-02,102247441,1116666,67603.0,692.0
1109,2023-02-03,102311816,1117828,64375.0,1162.0
1110,2023-02-04,102314712,1117837,2896.0,9.0
1111,2023-02-05,102317430,1117837,2718.0,0.0
1112,2023-02-06,102342210,1118038,24780.0,201.0
1113,2023-02-07,102374102,1118715,31892.0,677.0
1114,2023-02-08,102486294,1119717,112192.0,1002.0
1115,2023-02-09,102555293,1120505,68999.0,788.0
1116,2023-02-10,102569435,1120667,14142.0,162.0
1117,2023-02-11,102571337,1120678,1902.0,11.0
1118,2023-02-12,102574464,1120691,3127.0,13.0
1119,2023-02-13,102598932,1120904,24468.0,213.0
1120,2023-02-14,102626458,1121294,27526.0,390.0
